{
  "Routes": [
    {
      "DownstreamPathTemplate": "/api/login",
      "DownstreamScheme": "http",
      "UseServiceDiscovery": true,
      "ServiceName": "SERVICE.AUTHENTICATION",
      "LoadBalancerOptions": {
        "Type": "RoundRobin"
      },
      "UpstreamPathTemplate": "/login",
      "UpstreamHttpMethod": [ "Post" ]
    },


    {
      "DownstreamPathTemplate": "/api/inventory/addproduct",
      "DownstreamScheme": "http",
      "UseServiceDiscovery": true,
      "ServiceName": "SERVICE.INVENTORY",
      "LoadBalancerOptions": {
        "Type": "RoundRobin"
      },
      "UpstreamPathTemplate": "/inventory/addproduct",
      "UpstreamHttpMethod": [ "Post" ],
      "AuthenticationOptions": {
        "AuthenticationProviderKey": "Bearer",
        "AllowedScopes": []
      },
      "RouteClaimsRequirement": {
        "Role": "Admin"
      }

    },
    {
      "DownstreamPathTemplate": "/api/inventory/removeproduct",
      "DownstreamScheme": "http",
      "UseServiceDiscovery": true,
      "ServiceName": "SERVICE.INVENTORY",
      "LoadBalancerOptions": {
        "Type": "RoundRobin"
      },
      "UpstreamPathTemplate": "/inventory/removeproduct",
      "UpstreamHttpMethod": [ "Delete" ],
      "AuthenticationOptions": {
        "AuthenticationProviderKey": "Bearer",
        "AllowedScopes": []
      },
      "RouteClaimsRequirement": {
        "Role": "Admin"
      }
    },
    {
      "DownstreamPathTemplate": "/api/productdetailsupdate/updateproduct",
      "DownstreamScheme": "http",
      "UseServiceDiscovery": true,
      "ServiceName": "SERVICE.PRODUCTDETAIL",
      "LoadBalancerOptions": {
        "Type": "RoundRobin"
      },
      "UpstreamPathTemplate": "/productdetailsupdate/updateproduct",
      "UpstreamHttpMethod": [ "Put" ],
      "AuthenticationOptions": {
        "AuthenticationProviderKey": "Bearer",
        "AllowedScopes": []
      },
      "RouteClaimsRequirement": {
        "Role": "Admin"
      }
    },

    {
      "DownstreamPathTemplate": "/api/userservice/viewallproducts",
      "DownstreamScheme": "http",
      "UseServiceDiscovery": true,
      "ServiceName": "SERVICE.USER",
      "LoadBalancerOptions": {
        "Type": "RoundRobin"
      },
      "UpstreamPathTemplate": "/userservice/viewallproducts",
      "UpstreamHttpMethod": [ "Get" ]
    },

    {
      "DownstreamPathTemplate": "/api/userservice/addtocart",
      "DownstreamScheme": "http",
      "UseServiceDiscovery": true,
      "ServiceName": "SERVICE.USER",
      "LoadBalancerOptions": {
        "Type": "RoundRobin"
      },
      "UpstreamPathTemplate": "/userservice/addtocart",
      "UpstreamHttpMethod": [ "Post" ],
      "AuthenticationOptions": {
        "AuthenticationProviderKey": "Bearer",
        "AllowedScopes": []
      }
    },
    {
      "DownstreamPathTemplate": "/api/userservice/checkout",
      "DownstreamScheme": "http",
      "UseServiceDiscovery": true,
      "ServiceName": "SERVICE.USER",
      "LoadBalancerOptions": {
        "Type": "RoundRobin"
      },
      "UpstreamPathTemplate": "/userservice/checkout",
      "UpstreamHttpMethod": [ "Put" ],
      "AuthenticationOptions": {
        "AuthenticationProviderKey": "Bearer",
        "AllowedScopes": []
      }
    },
    {
      "DownstreamPathTemplate": "/api/userservice/remove",
      "DownstreamScheme": "http",
      "UseServiceDiscovery": true,
      "ServiceName": "SERVICE.USER",
      "LoadBalancerOptions": {
        "Type": "RoundRobin"
      },
      "UpstreamPathTemplate": "/userservice/remove",
      "UpstreamHttpMethod": [ "Delete" ],
      "AuthenticationOptions": {
        "AuthenticationProviderKey": "Bearer",
        "AllowedScopes": []
      }
    },
    {
      "DownstreamPathTemplate": "/api/userservice/viewcart",
      "DownstreamScheme": "http",
      "UseServiceDiscovery": true,
      "ServiceName": "SERVICE.USER",
      "LoadBalancerOptions": {
        "Type": "RoundRobin"
      },
      "UpstreamPathTemplate": "/userservice/viewcart",
      "UpstreamHttpMethod": [ "Get" ],
      "AuthenticationOptions": {
        "AuthenticationProviderKey": "Bearer",
        "AllowedScopes": []
      }
    }
  ],

  "GlobalConfiguration": {
    "RequestIdKey": "OcRequestId",
    "AdministrationPath": "/administration",
    "UseServiceDiscovery": true,
    "ServiceDiscoveryProvider": {
      "Type": "Eureka",
      "Host": "eureka-server",
      "Port": "8761"
    }

  }
}

 